timekey,M1,M2,GDP,REAL_GDP,PERSONAL_INCOME,DISPOSABLE_INCOME,PCE,SAVING_RATE,UNEMPLOYMENT,NONFARM_PAYROLL,LABOR_FORCE,FED_FUNDS,TREASURY_3M,TREASURY_2Y,TREASURY_5Y,TREASURY_10Y,TREASURY_30Y,BBB_CORPORATE,CPI,CORE_CPI,PCE_INFLATION,INDUSTRIAL_PRODUCTION,RETAIL_SALES,HOUSE_PRICE_INDEX,M1_AVG,M2_AVG,GDP_AVG,REAL_GDP_AVG,PERSONAL_INCOME_AVG,DISPOSABLE_INCOME_AVG,PCE_AVG,SAVING_RATE_AVG,UNEMPLOYMENT_AVG,NONFARM_PAYROLL_AVG,LABOR_FORCE_AVG,FED_FUNDS_AVG,TREASURY_3M_AVG,TREASURY_2Y_AVG,TREASURY_5Y_AVG,TREASURY_10Y_AVG,TREASURY_30Y_AVG,BBB_CORPORATE_AVG,CPI_AVG,CORE_CPI_AVG,PCE_INFLATION_AVG,INDUSTRIAL_PRODUCTION_AVG,RETAIL_SALES_AVG,HOUSE_PRICE_INDEX_AVG
80,1107.5,4711.7,10002.179,13878.147,8468.3,9864.0,6686.5,3.8,4.0,131604.0,142434.0,5.85,5.88,6.5,6.32,6.03,5.84,8.33,171.0,180.0,73.505,92.083,244533.0,102.12700000000001,1112.7333333333333,4686.733333333334,10002.179,13878.147,8408.366666666667,9833.933333333332,6618.233333333334,4.1000000000000005,4.033333333333333,131245.33333333334,142385.66666666666,5.676666666666667,5.704603174603174,6.526349206349207,6.583174603174603,6.468412698412698,6.291746031746031,8.330793650793652,170.1,179.5666666666667,73.219,91.7389,241205.0,101.33933333333334
81,1102.6,4773.6,10247.72,14130.908,8597.8,9982.3,6746.9,4.3,4.0,132062.0,142591.0,6.53,5.88,6.38,6.18,6.03,5.9,8.43,172.2,181.1,73.754,93.0018,243226.0,104.42399999999999,1107.7,4765.7,10247.72,14130.908,8549.699999999999,9950.166666666666,6711.900000000001,4.3,3.9333333333333336,132016.66666666666,142576.66666666666,6.273333333333333,5.8960317460317455,6.572698412698412,6.424444444444444,6.184920634920634,5.97984126984127,8.604126984126985,171.4333333333333,180.70000000000002,73.56766666666667,92.86746666666666,241441.33333333334,103.67433333333334
82,1099.7,4855.3,10318.165,14145.312,8757.7,10110.3,6888.6,4.1,3.9,132338.0,142518.0,6.52,6.23,5.98,5.85,5.8,5.88,8.34,173.6,182.3,74.252,92.9827,245520.0,106.539,1101.1333333333334,4822.033333333334,10318.165,14145.312,8711.733333333334,10081.5,6819.966666666667,4.533333333333333,4.0,132266.66666666666,142436.66666666666,6.52,6.202063492063492,6.216984126984127,6.058253968253968,5.88984126984127,5.793968253968254,8.313015873015873,173.0,181.9,74.04166666666667,92.80366666666667,242939.0,105.78766666666667
83,1088.6,4927.7,10435.744,14229.765,8844.0,10164.3,6952.2,4.1,3.9,132716.0,143248.0,6.4,5.89,5.11,4.99,5.12,5.46,8.0,174.6,183.3,74.571,92.3457,243844.0,109.141,1093.2333333333333,4893.966666666666,10435.744,14229.765,8815.333333333334,10149.0,6918.599999999999,4.233333333333333,3.9,132541.33333333334,142944.0,6.473333333333334,6.200161290322581,5.719032258064516,5.555645161290323,5.570645161290322,5.6930645161290325,8.21758064516129,174.23333333333335,183.0,74.46033333333332,92.5487,244363.0,108.27566666666667
84,1108.9,5074.9,10470.231,14183.12,9009.4,10254.4,6996.7,4.9,4.3,132751.0,143924.0,5.31,4.3,4.18,4.62,4.93,5.46,7.97,176.1,184.7,75.055,91.0585,244514.0,111.11,1102.2666666666667,5023.466666666666,10470.231,14183.12,8975.366666666667,10229.833333333334,6995.3,4.666666666666667,4.233333333333333,132747.33333333334,143808.33333333334,5.593333333333334,4.933387096774194,4.580161290322581,4.7904838709677415,5.0441935483870965,5.4430645161290325,7.881774193548387,175.9,184.33333333333334,75.01166666666667,91.41146666666667,246380.66666666666,110.48666666666668
85,1126.2,5180.3,10599.0,14271.694,9017.1,10218.1,7069.7,4.2,4.5,132299.0,143357.0,3.97,3.65,4.25,4.97,5.42,5.75,8.07,177.7,186.0,75.518,89.7811,248836.0,112.796,1120.4666666666667,5152.266666666666,10599.0,14271.694,9012.366666666667,10221.966666666667,7042.233333333334,4.433333333333334,4.3999999999999995,132388.33333333334,143414.66666666666,4.326666666666667,3.7406349206349208,4.191746031746032,4.835396825396825,5.276190476190476,5.70063492063492,8.0384126984127,177.13333333333333,185.46666666666667,75.36333333333333,90.26006666666666,249399.66666666666,112.20400000000001
86,1205.7,5355.3,10598.02,14214.516,8975.3,10452.8,7007.0,6.9,5.0,131763.0,143989.0,3.07,2.4,2.86,3.93,4.6,5.42,8.02,178.1,187.1,75.227,88.6749,243130.0,114.81299999999999,1164.9333333333334,5269.8,10598.02,14214.516,8997.1,10455.533333333333,7070.333333333333,6.266666666666667,4.833333333333333,131985.0,143642.33333333334,3.4966666666666666,3.283606557377049,3.6762295081967213,4.510819672131148,4.995737704918033,5.5280327868852455,7.940327868852459,177.63333333333333,186.73333333333335,75.40133333333334,89.02236666666666,246685.33333333334,114.15766666666666
87,1183.2,5440.7,10660.465,14253.574,8990.7,10298.9,7166.7,3.7,5.7,130983.0,144305.0,1.82,1.74,3.07,4.38,5.07,5.48,7.92,177.4,188.4,75.363,87.8518,249879.0,116.45299999999999,1173.3,5390.8,10660.465,14253.574,8987.699999999999,10282.1,7187.3,3.3333333333333335,5.5,131193.0,144210.33333333334,2.1333333333333333,1.9496774193548387,2.867096774193548,4.0848387096774195,4.762096774193548,5.304838709677419,7.920163934426229,177.5,187.96666666666667,75.432,88.04763333333334,255608.33333333334,115.873
88,1193.3,5502.2,10783.5,14372.785,9050.7,10539.0,7243.4,5.5,5.7,130722.0,144481.0,1.73,1.79,3.72,4.91,5.42,5.91,8.23,178.5,189.2,75.763,89.1265,251542.0,118.68799999999999,1191.5333333333333,5484.566666666667,10783.5,14372.785,9032.733333333334,10528.433333333334,7217.733333333334,5.5,5.7,130772.33333333333,144339.0,1.7333333333333334,1.7543333333333335,3.2005,4.4595,5.079166666666667,5.568333333333333,7.955,178.0666666666667,189.0,75.584,88.68256666666666,251474.66666666666,117.892
89,1193.3,5553.5,10887.46,14460.848,9164.8,10648.2,7322.5,6.1,5.8,130673.0,144808.0,1.75,1.7,2.9,4.09,4.86,5.7,7.99,179.6,190.2,76.225,90.6736,253652.0,121.81299999999999,1189.8333333333333,5528.099999999999,10887.46,14460.848,9131.9,10612.966666666667,7307.966666666667,5.866666666666667,5.833333333333333,130640.0,144823.66666666666,1.75,1.74625,3.23390625,4.45046875,5.10609375,5.7440625,8.02578125,179.46666666666667,189.96666666666667,76.145,90.05303333333332,253528.33333333334,120.71699999999998
90,1196.1,5662.5,10984.04,14519.633,9197.1,10633.6,7391.5,5.8,5.7,130503.0,145552.0,1.75,1.57,1.72,2.63,3.63,4.88,7.39,180.8,191.3,76.681,90.6373,254081.0,124.781,1194.1,5632.366666666666,10984.04,14519.633,9176.633333333333,10625.866666666667,7397.133333333334,5.433333333333334,5.733333333333333,130556.0,145121.33333333334,1.74,1.67375,2.23875,3.359375,4.27234375,5.284375,7.63234375,180.4333333333333,190.96666666666667,76.539,90.61046666666668,256823.33333333334,123.83366666666666
91,1220.2,5779.5,11061.433,14537.58,9288.3,10719.9,7519.9,5.3,6.0,130465.0,145066.0,1.24,1.22,1.61,2.78,3.83,5.03,7.31,181.8,192.1,76.971,90.3906,259206.0,127.625,1211.2666666666667,5748.3,11061.433,14537.58,9258.9,10690.866666666667,7472.966666666667,5.5,5.866666666666667,130566.0,145140.33333333334,1.4433333333333334,1.3659677419354839,1.8896774193548387,3.0085483870967744,4.004838709677419,5.1654838709677415,7.601451612903226,181.5,191.83333333333334,76.89633333333335,90.56136666666667,257229.0,126.67733333333335
92,1239.3,5868.6,11174.129,14614.141,9333.8,10696.5,7611.5,4.9,5.9,130235.0,146022.0,1.25,1.14,1.51,2.78,3.83,5.07,6.87,183.9,192.5,77.725,91.0006,260566.0,130.148,1234.9333333333334,5843.099999999999,11174.129,14614.141,9306.699999999999,10693.633333333333,7567.133333333334,5.133333333333334,5.866666666666667,130416.33333333333,146019.66666666666,1.25,1.1747540983606557,1.649016393442623,2.9118032786885246,3.92,5.0644262295081965,7.119836065573771,183.36666666666667,192.46666666666667,77.484,91.12933333333335,259830.33333333334,129.32233333333332
93,1281.0,6002.4,11312.766,14743.567,9455.3,10860.6,7699.6,5.1,6.3,130185.0,147056.0,1.22,0.9,1.32,2.46,3.54,4.81,6.35,183.1,193.0,77.588,90.5196,265331.0,132.65,1266.6000000000001,5957.866666666666,11312.766,14743.567,9408.699999999999,10815.1,7661.466666666667,5.133333333333333,6.133333333333333,130184.33333333333,146676.66666666666,1.2466666666666668,1.0588888888888888,1.4215873015873017,2.57,3.6206349206349207,4.836190476190477,6.473809523809524,183.0666666666667,192.79999999999998,77.56166666666667,90.45023333333334,262699.3333333333,131.75699999999998
94,1297.2,6079.9,11566.669,14988.782,9582.5,10940.8,7853.7,4.9,6.1,130253.0,146530.0,1.01,0.95,1.5,2.85,3.96,5.07,6.53,185.1,193.7,78.323,91.3819,270212.0,136.295,1293.7,6078.866666666666,11566.669,14988.782,9537.633333333333,10999.533333333333,7820.933333333333,5.5,6.133333333333333,130196.66666666667,146486.66666666666,1.0166666666666666,0.9478125,1.67828125,3.138125,4.22765625,5.280625,6.803125,184.4333333333333,193.5666666666667,78.07266666666666,91.05403333333334,269502.3333333333,135.01333333333332
95,1306.2,6074.0,11772.234,15162.76,9713.2,11057.2,7950.4,5.0,5.7,130589.0,146729.0,0.98,0.95,1.84,3.25,4.27,5.23,6.61,185.5,194.2,78.605,92.1732,271550.0,140.181,1301.0333333333333,6073.3,11772.234,15162.76,9673.933333333334,11029.300000000001,7913.466666666667,5.0,5.833333333333333,130503.33333333333,146815.0,0.9966666666666667,0.9351612903225806,1.8562903225806453,3.2446774193548387,4.285161290322581,5.253709677419355,6.66258064516129,185.13333333333333,194.0666666666667,78.45666666666666,91.93486666666666,270257.0,138.83633333333333
96,1328.7,6158.0,11923.447,15248.68,9815.8,11115.6,8098.8,4.5,5.8,131139.0,146944.0,1.0,0.95,1.6,2.8,3.86,4.93,6.15,187.1,195.5,79.199,92.5368,279692.0,145.059,1318.7,6120.7,11923.447,15248.68,9771.0,11079.266666666668,8048.766666666666,4.566666666666666,5.7,130905.0,146831.66666666666,1.0033333333333332,0.9337096774193548,1.6866129032258064,2.980967741935484,4.01,5.028548387096774,6.2662903225806454,186.70000000000002,195.0,79.06166666666667,92.5877,275505.6666666667,143.29966666666667
97,1342.7,6278.1,12112.815,15366.85,9988.4,11215.8,8157.6,5.4,5.6,131794.0,147460.0,1.03,1.33,2.7,3.81,4.62,5.41,6.71,188.9,196.6,79.831,92.8651,279141.0,149.851,1336.2666666666667,6251.033333333333,12112.815,15366.85,9934.733333333332,11192.666666666666,8147.099999999999,5.033333333333334,5.599999999999999,131634.33333333334,147125.0,1.01,1.0961290322580644,2.4546774193548386,3.7209677419354836,4.597096774193548,5.419838709677419,6.661935483870968,188.16666666666666,196.23333333333335,79.59366666666666,93.1151,279349.0,148.21
98,1362.5,6352.3,12305.307,15512.619,10110.5,11279.6,8341.5,4.1,5.4,132091.0,147415.0,1.61,1.71,2.63,3.38,4.14,4.97,6.25,189.8,197.5,80.104,93.7353,286866.0,154.178,1352.5333333333333,6320.5,12305.307,15512.619,10073.9,11264.9,8283.333333333334,4.5,5.433333333333334,131961.33333333334,147557.0,1.4333333333333333,1.51390625,2.5565625,3.505625,4.30140625,5.1453125,6.4515625,189.36666666666667,197.0666666666667,79.985,93.63853333333333,283074.0,152.71699999999998
99,1376.0,6424.7,12527.214,15670.88,10520.8,11659.0,8504.4,6.2,5.4,132629.0,148059.0,2.16,2.22,3.08,3.63,4.24,4.86,6.1,191.7,198.6,80.801,95.5415,293401.0,159.329,1370.8333333333333,6403.7,12527.214,15670.88,10283.866666666667,11395.866666666667,8448.666666666666,4.5,5.433333333333334,132521.33333333334,148004.66666666666,1.95,2.0474193548387096,2.82241935483871,3.493709677419355,4.175806451612903,4.933548387096774,6.186129032258065,191.4,198.26666666666665,80.669,94.97083333333335,290260.0,157.535
100,1370.9,6448.4,12767.286,15844.727,10347.9,11268.8,8598.4,2.5,5.2,133152.0,148391.0,2.63,2.79,3.8,4.18,4.5,4.76,6.14,193.1,200.1,81.375,96.4345,294743.0,165.81400000000002,1369.7,6439.5,12767.286,15844.727,10292.533333333333,11241.433333333334,8551.733333333334,2.5,5.3,132988.66666666666,148261.33333333334,2.47,2.5891803278688523,3.4549180327868854,3.8908196721311477,4.303606557377049,4.704262295081967,5.970327868852459,192.36666666666667,199.5,81.13799999999999,96.29463333333332,292854.6666666667,163.48233333333334
101,1380.1,6511.8,12922.656,15922.782,10498.0,11375.5,8753.4,2.0,5.0,133947.0,149238.0,3.04,3.13,3.66,3.72,3.94,4.19,5.81,193.7,200.6,81.7,97.1483,305083.0,171.19299999999998,1368.1666666666667,6484.333333333333,12922.656,15922.782,10458.066666666668,11344.133333333333,8701.133333333333,2.2333333333333334,5.1000000000000005,133718.33333333334,149141.66666666666,2.9433333333333334,2.92671875,3.6459375,3.87296875,4.15859375,4.4701562500000005,5.969375,193.66666666666666,200.4333333333333,81.65066666666667,96.83603333333333,299183.3333333333,169.35
102,1378.6,6610.3,13142.642,16047.587,10687.7,11365.2,8900.4,2.0,5.0,134554.0,149954.0,3.62,3.55,4.18,4.18,4.34,4.53,6.15,198.8,201.3,83.172,95.2764,304187.0,176.44,1375.1333333333332,6576.833333333333,13142.642,16047.587,10621.866666666667,11385.866666666667,8868.1,1.8,4.966666666666667,134452.33333333334,149721.66666666666,3.4599999999999995,3.43828125,3.95796875,4.039375,4.21515625,4.42515625,5.98109375,196.6,201.1,82.53166666666667,96.42483333333332,304907.6666666667,174.582
103,1374.3,6688.0,13324.204,16136.734,10853.1,11535.2,8981.1,2.5,4.9,135158.0,150030.0,4.16,4.08,4.41,4.35,4.39,4.51,6.21,198.1,202.8,83.131,97.9723,306723.0,180.912,1375.6333333333332,6664.3,13324.204,16136.734,10811.933333333332,11488.0,8955.266666666668,2.466666666666667,4.966666666666667,134933.33333333334,150032.0,3.98,3.913606557377049,4.364590163934427,4.3911475409836065,4.488196721311475,4.654262295081968,6.336065573770492,198.4333333333333,202.4333333333333,83.18900000000001,97.305,305759.3333333333,179.54166666666666
104,1383.2,6769.5,13599.16,16353.835,11171.8,11747.5,9132.9,3.3,4.7,136036.0,150813.0,4.59,4.63,4.82,4.82,4.86,4.9,6.55,199.7,204.3,83.746,98.3913,314471.0,184.365,1380.3666666666668,6751.566666666667,13599.16,16353.835,11104.333333333334,11700.699999999999,9100.166666666666,3.1666666666666665,4.733333333333333,135731.0,150556.0,4.456666666666667,4.506612903225807,4.6046774193548385,4.55241935483871,4.577096774193548,4.632741935483871,6.311774193548387,199.46666666666667,203.70000000000002,83.62133333333334,98.229,314492.3333333333,183.32433333333333
105,1375.4,6852.1,13753.424,16396.151,11292.8,11751.9,9259.6,2.9,4.6,136335.0,151354.0,4.99,5.01,5.16,5.1,5.15,5.19,6.82,201.8,205.9,84.569,99.0398,316978.0,183.507,1381.3333333333333,6824.333333333333,13753.424,16396.151,11257.800000000001,11744.366666666667,9227.666666666666,2.966666666666667,4.633333333333333,136264.0,151101.33333333334,4.906666666666667,4.830158730158731,4.997936507936508,4.993174603174603,5.072698412698412,5.143015873015873,6.737777777777778,201.26666666666665,205.36666666666667,84.355,98.80993333333333,315997.0,183.99800000000002
106,1364.4,6952.6,13870.188,16420.738,11383.9,11800.1,9375.4,2.4,4.5,136829.0,151662.0,5.25,4.89,4.71,4.59,4.64,4.77,6.36,202.8,207.2,84.902,99.2246,316400.0,182.798,1369.7333333333336,6923.933333333333,13870.188,16420.738,11350.933333333334,11761.333333333334,9353.800000000001,2.4,4.633333333333334,136683.66666666666,151585.0,5.246666666666667,5.035079365079365,4.929047619047618,4.842222222222222,4.893492063492064,4.994285714285714,6.593174603174603,203.16666666666666,206.76666666666665,84.96166666666666,99.20146666666666,317728.6666666667,182.819
107,1366.6,7080.4,14039.56,16561.866,11587.6,11958.6,9488.3,2.6,4.4,137249.0,152732.0,5.24,5.02,4.82,4.7,4.71,4.81,6.35,203.1,208.1,85.032,100.1125,320312.0,184.138,1369.2333333333333,7039.966666666667,14039.56,16561.866,11494.9,11904.733333333332,9427.366666666667,2.566666666666667,4.433333333333334,137052.0,152393.0,5.246666666666667,5.031774193548387,4.737580645161291,4.601774193548387,4.630645161290323,4.741935483870968,6.283225806451613,202.33333333333334,207.83333333333334,84.82166666666666,99.4439,317860.0,183.648
108,1366.5,7168.5,14215.651,16611.69,11821.4,12035.1,9611.7,3.0,4.4,137782.0,153051.0,5.26,5.04,4.58,4.54,4.65,4.84,6.4,205.288,209.418,85.894,100.8952,323708.0,184.149,1367.0666666666666,7140.533333333333,14215.651,16611.69,11734.233333333332,11995.9,9572.133333333333,2.733333333333333,4.5,137604.0,153059.33333333334,5.256666666666667,5.114032258064516,4.760483870967741,4.643387096774194,4.679032258064517,4.796451612903225,6.295645161290322,204.317,209.05100000000002,85.597,100.45546666666667,321815.6666666667,184.42099999999996
109,1368.2,7288.1,14402.082,16713.314,11929.2,12053.3,9706.8,2.7,4.6,138069.0,153041.0,5.25,4.82,4.87,4.92,5.03,5.12,6.62,207.234,210.392,86.529,101.6547,324076.0,180.253,1375.7,7261.333333333333,14402.082,16713.314,11902.0,12055.333333333334,9678.733333333332,2.8333333333333335,4.5,137969.0,152715.33333333334,5.25,4.87203125,4.80375,4.76078125,4.84609375,4.98890625,6.4903125,206.631,210.06566666666666,86.32366666666667,101.61796666666667,324740.0,181.62099999999998
110,1375.7,7413.3,14564.117,16809.587,12025.5,12089.6,9845.1,2.3,4.7,138101.0,153414.0,4.94,3.82,3.97,4.23,4.59,4.83,6.59,208.547,211.554,87.054,101.9428,328668.0,177.55700000000002,1374.6000000000001,7375.8,14564.117,16809.587,11981.433333333334,12075.633333333333,9798.366666666667,2.3666666666666667,4.666666666666667,138052.66666666666,153072.33333333334,5.073333333333333,4.434285714285714,4.3907936507936505,4.512698412698413,4.738412698412698,4.948888888888889,6.634126984126984,207.939,211.14866666666668,86.81166666666667,101.7108,327189.0,178.261
111,1373.4,7484.2,14715.058,16915.191,12182.7,12120.5,9972.8,2.4,5.0,138395.0,153918.0,4.24,3.36,3.05,3.45,4.04,4.45,6.56,211.445,213.168,87.984,102.2764,329259.0,174.34,1374.8666666666668,7455.466666666667,14715.058,16915.191,12110.766666666668,12090.333333333334,9937.133333333333,2.1666666666666665,4.8,138287.66666666666,153645.33333333334,4.496666666666667,3.491612903225806,3.4896774193548388,3.79758064516129,4.266612903225807,4.612258064516129,6.505806451612903,210.4896666666667,212.635,87.69433333333332,102.0459,331274.6666666667,175.37
112,1388.7,7670.3,14706.538,16843.003,12314.7,12145.9,10035.3,2.9,5.1,138257.0,153908.0,2.61,1.38,1.62,2.46,3.45,4.3,6.9,213.448,214.42,88.635,101.4508,328493.0,170.051,1382.2666666666667,7597.433333333333,14706.538,16843.003,12269.133333333333,12141.6,10004.466666666667,2.8333333333333335,5.0,138325.0,153874.66666666666,3.1766666666666663,2.1044262295081966,2.0293442622950817,2.7514754098360656,3.6652459016393446,4.4121311475409835,6.748852459016393,212.76966666666667,214.04333333333332,88.40766666666667,101.7919,328946.6666666667,171.57433333333333
113,1404.6,7744.2,14865.701,16943.291,12661.0,12376.6,10187.1,4.6,5.6,137698.0,154313.0,2.0,1.9,2.63,3.34,3.99,4.53,7.04,217.463,215.424,89.827,99.8728,331764.0,165.014,1396.4666666666665,7727.5,14865.701,16943.291,12614.300000000001,12391.199999999999,10129.9,4.6000000000000005,5.333333333333333,137862.33333333334,154128.33333333334,2.0866666666666664,1.65015625,2.41640625,3.155,3.8815625000000002,4.5740625,6.9896875000000005,215.5376666666667,214.97333333333336,89.26866666666668,100.25393333333334,330296.3333333333,166.667
114,1462.0,7872.7,14898.999,16854.295,12445.0,12149.0,10116.4,3.9,6.1,136762.0,154570.0,1.81,0.92,2.0,2.98,3.85,4.31,7.85,218.877,216.713,90.247,93.5576,321568.0,160.30700000000002,1430.1666666666667,7823.433333333333,14898.999,16854.295,12461.933333333334,12152.766666666668,10159.066666666668,3.533333333333333,6.0,137157.0,154560.0,1.9400000000000002,1.5203125,2.36,3.1128125,3.8621875,4.44921875,7.2059375,218.861,216.357,90.22133333333333,96.94203333333333,326388.3333333333,161.9523333333333
115,1601.7,8205.0,14608.209,16485.35,12238.5,12288.8,9801.5,5.8,7.3,134847.0,154655.0,0.16,0.11,0.76,1.55,2.25,2.69,8.07,211.398,216.925,88.098,90.6266,287571.0,153.618,1530.0333333333335,8069.2,14608.209,16485.35,12357.366666666667,12291.733333333332,9906.933333333334,5.566666666666666,6.866666666666667,135561.0,154723.33333333334,0.5066666666666667,0.3117741935483871,1.215483870967742,2.172741935483871,3.234677419354839,3.661774193548387,8.815645161290323,213.84866666666667,216.88666666666668,88.78066666666666,92.7956,297311.6666666667,156.02866666666668
116,1578.9,8386.7,14430.902,16298.262,11965.3,12242.7,9773.2,5.8,8.7,132492.0,154133.0,0.18,0.21,0.81,1.67,2.71,3.56,8.45,212.495,218.253,88.169,86.4689,286022.0,148.658,1576.3,8331.9,14430.902,16298.262,12032.766666666668,12282.033333333333,9814.966666666667,5.7,8.266666666666667,133295.66666666666,154293.66666666666,0.18333333333333335,0.2122950819672131,0.9042622950819672,1.761311475409836,2.7362295081967214,3.45672131147541,8.224754098360656,212.37766666666667,217.797,88.181,87.56103333333334,289966.6666666667,150.05866666666665
117,1658.8,8459.5,14381.236,16269.145,12042.9,12273.2,9852.4,6.1,9.5,131007.0,154716.0,0.21,0.19,1.11,2.54,3.53,4.32,7.17,214.79,219.112,88.912,84.6746,295458.0,148.089,1629.3,8433.466666666667,14381.236,16269.145,12077.300000000001,12364.433333333334,9805.5,6.8,9.299999999999999,131432.0,154657.33333333334,0.18000000000000002,0.1712698412698413,1.0176190476190476,2.2417460317460316,3.320793650793651,4.172380952380952,7.973015873015873,213.50699999999998,218.90733333333333,88.53133333333334,85.13616666666667,291067.6666666667,147.91066666666666
118,1664.9,8461.8,14448.882,16326.281,12061.1,12230.6,9927.8,5.5,9.8,130247.0,153827.0,0.15,0.14,0.95,2.31,3.31,4.03,6.17,215.861,219.92,89.324,87.3821,294449.0,148.023,1662.4666666666665,8462.966666666665,14448.882,16326.281,12023.566666666666,12214.699999999999,9939.4,5.1000000000000005,9.633333333333333,130460.33333333333,154212.0,0.15666666666666665,0.16,1.03,2.4675,3.5178125,4.3225,6.665625,215.34399999999997,219.55966666666666,89.142,86.5689,298082.6666666667,148.23566666666667
119,1692.8,8512.5,14651.249,16502.754,12188.2,12280.2,10052.6,5.4,9.9,129808.0,153111.0,0.12,0.06,1.14,2.69,3.85,4.63,6.39,217.347,220.881,89.939,88.2404,301959.0,147.931,1684.5,8505.966666666667,14651.249,16502.754,12129.066666666666,12232.6,10005.0,5.333333333333333,9.933333333333334,129976.0,153591.0,0.12,0.06048387096774194,0.8779032258064516,2.304193548387097,3.4640322580645164,4.335645161290323,6.327258064516129,217.03,220.68266666666668,89.82966666666665,87.92003333333332,300203.0,147.971
120,1711.9,8523.7,14764.61,16582.71,12330.9,12340.3,10156.0,5.3,9.9,129865.0,153954.0,0.16,0.16,1.02,2.55,3.84,4.72,6.31,217.353,220.783,90.261,90.1356,309525.0,145.858,1695.4666666666665,8509.766666666668,14764.61,16582.71,12288.733333333332,12306.033333333333,10101.833333333334,5.3999999999999995,9.833333333333334,129790.66666666667,153710.66666666666,0.13333333333333333,0.1098360655737705,0.917704918032787,2.4273770491803277,3.7178688524590164,4.624426229508196,6.287213114754098,217.37400000000002,220.71566666666664,90.177,89.60996666666666,304720.0,146.29566666666668
121,1731.6,8628.4,14980.193,16743.162,12550.7,12544.3,10231.3,6.2,9.4,130509.0,153616.0,0.18,0.18,0.61,1.79,2.97,3.91,6.05,217.199,221.194,90.301,91.9033,308588.0,145.713,1713.5666666666666,8597.6,14980.193,16743.162,12512.066666666666,12510.566666666666,10208.133333333333,6.2,9.633333333333333,130424.0,154109.66666666666,0.19333333333333336,0.14828125,0.873125,2.25484375,3.4925,4.3715625,6.18265625,217.29733333333334,220.99266666666665,90.31666666666666,91.35513333333334,309963.0,146.165
122,1766.2,8718.9,15141.607,16872.266,12673.4,12589.9,10327.1,6.1,9.5,130342.0,153975.0,0.19,0.16,0.42,1.27,2.53,3.69,5.58,218.275,221.711,90.592,92.8533,313785.0,143.012,1746.3,8682.300000000001,15141.607,16872.266,12638.333333333334,12578.5,10300.766666666668,6.133333333333333,9.466666666666667,130391.0,153917.33333333334,0.18666666666666668,0.15484375,0.53875,1.545,2.78453125,3.85609375,5.77546875,217.93433333333334,221.52766666666665,90.49066666666666,92.56726666666667,311363.0,143.96733333333333
123,1836.7,8822.9,15309.474,16960.864,12873.1,12680.6,10471.0,6.2,9.3,130830.0,153650.0,0.18,0.12,0.61,2.01,3.3,4.34,5.98,220.472,222.343,91.268,93.5916,323421.0,142.049,1815.1666666666667,8793.633333333333,15309.474,16960.864,12787.4,12626.066666666666,10430.333333333334,5.966666666666666,9.5,130733.33333333333,153803.33333333334,0.18666666666666668,0.13951612903225807,0.48709677419354835,1.5033870967741934,2.8783870967741936,4.167096774193548,5.917619047619048,219.69899999999998,222.10733333333334,91.07033333333334,92.9545,320605.0,142.2446666666667
124,1896.5,8967.0,15351.448,16920.632,13178.2,12742.7,10619.7,6.3,9.0,131282.0,153376.0,0.14,0.09,0.8,2.24,3.47,4.51,6.05,223.046,223.454,92.166,93.9684,331161.0,139.971,1870.9666666666665,8907.066666666668,15351.448,16920.632,13138.166666666666,12753.133333333333,10558.199999999999,6.6000000000000005,9.033333333333333,131058.33333333333,153284.33333333334,0.15666666666666668,0.1267741935483871,0.6937096774193549,2.1193548387096777,3.4574193548387098,4.559193548387097,6.086612903225807,222.04366666666667,223.15666666666667,91.835,93.45393333333334,328294.6666666667,140.60633333333334
125,1963.4,9176.7,15557.539,17035.114,13295.7,12756.9,10694.8,6.5,9.1,131931.0,153346.0,0.09,0.03,0.45,1.76,3.18,4.38,5.9,224.806,224.697,92.819,94.0493,335108.0,139.856,1934.0,9103.266666666668,15557.539,17035.114,13249.199999999999,12727.833333333334,10673.033333333333,6.366666666666667,9.066666666666666,131744.0,153456.0,0.09333333333333334,0.04523809523809524,0.5615873015873016,1.8544444444444443,3.2014285714285715,4.3382539682539685,5.847619047619047,224.56833333333336,224.19966666666667,92.738,93.82623333333333,333568.6666666667,139.91966666666667
126,2120.0,9545.3,15647.68,17031.313,13401.5,12781.7,10783.2,6.4,9.0,132344.0,154131.0,0.08,0.02,0.25,0.96,1.92,2.9,5.22,226.597,226.118,93.327,95.0244,339011.0,138.66,2077.133333333333,9469.699999999999,15647.68,17031.313,13392.533333333333,12795.666666666666,10755.033333333333,6.6000000000000005,9.0,132154.0,153726.33333333334,0.08333333333333333,0.025,0.27921875,1.1440625,2.41421875,3.6909375,5.45609375,226.03266666666664,225.73266666666666,93.16666666666667,94.87253333333332,336365.3333333333,139.22966666666665
127,2165.7,9677.4,15842.259,17222.583,13548.9,12898.5,10817.8,7.2,8.5,132888.0,153995.0,0.07,0.02,0.25,0.83,1.89,2.89,5.16,227.223,227.405,93.574,96.1809,343093.0,136.661,2158.733333333333,9628.433333333332,15842.259,17222.583,13458.333333333334,12824.366666666667,10809.166666666666,6.633333333333333,8.633333333333333,132710.33333333334,154028.0,0.07333333333333335,0.014754098360655738,0.2636065573770492,0.9526229508196721,2.0467213114754097,3.040983606557377,5.25327868852459,227.04733333333334,226.93666666666664,93.47433333333333,95.84926666666667,342121.6666666667,137.24666666666667
128,2227.8,9846.2,16068.805,17367.01,13798.5,13066.4,10993.9,7.6,8.2,133748.0,154749.0,0.13,0.07,0.33,1.04,2.23,3.35,5.3,228.807,228.478,94.284,96.5609,351748.0,137.894,2212.2333333333336,9799.633333333333,16068.805,17367.01,13720.4,13021.166666666666,10959.300000000001,7.433333333333334,8.266666666666667,133500.33333333334,154600.33333333334,0.10333333333333333,0.07064516129032258,0.28951612903225804,0.8983870967741936,2.04,3.1433870967741933,5.202258064516129,228.32600000000002,228.12966666666668,94.09400000000001,96.79553333333332,349249.6666666667,137.00366666666667
129,2275.3,10013.0,16207.115,17444.525,13837.1,13097.2,10989.8,7.9,8.2,134012.0,155083.0,0.16,0.09,0.33,0.72,1.67,2.76,5.06,228.524,229.623,94.254,97.4768,345339.0,141.019,2256.266666666667,9951.933333333332,16207.115,17444.525,13851.833333333334,13108.733333333332,11005.033333333333,7.900000000000001,8.2,133923.33333333334,154831.33333333334,0.15333333333333335,0.08828125,0.28953125,0.78890625,1.82578125,2.93765625,5.09390625,228.808,229.25066666666666,94.32133333333333,97.39576666666666,348041.6666666667,140.102
130,2386.6,10216.6,16319.541,17469.65,13914.1,13053.1,11105.3,7.2,7.8,134517.0,155160.0,0.14,0.1,0.23,0.62,1.65,2.82,4.72,231.015,230.659,94.893,97.2217,354575.0,142.898,2351.9,10139.566666666668,16319.541,17469.65,13811.833333333334,13004.833333333334,11059.366666666667,6.966666666666666,8.033333333333333,134337.33333333334,154957.0,0.14333333333333334,0.10158730158730159,0.25777777777777783,0.6688888888888889,1.6412698412698414,2.743968253968254,4.875714285714286,229.841,230.28733333333332,94.59533333333333,97.38883333333332,351097.6666666667,142.27599999999998
131,2460.7,10474.4,16420.419,17489.852,14581.4,13642.7,11181.2,10.9,7.9,135074.0,155628.0,0.16,0.05,0.25,0.72,1.78,2.95,4.63,231.221,231.725,95.094,98.1884,357519.0,145.49,2440.6666666666665,10369.666666666666,16420.419,17489.852,14287.1,13366.800000000001,11165.666666666666,9.133333333333333,7.8,134855.66666666666,155506.66666666666,0.16,0.08967213114754098,0.26754098360655737,0.6901639344262296,1.7070491803278687,2.8631147540983606,4.574262295081967,231.36933333333332,231.35966666666664,95.12566666666667,97.87596666666667,356141.3333333333,144.55066666666667
132,2476.3,10572.9,16648.189,17662.4,13932.2,12852.1,11290.1,4.8,7.5,135689.0,155005.0,0.14,0.07,0.25,0.77,1.87,3.1,4.83,232.282,232.794,95.488,99.047,362148.0,149.952,2473.9666666666667,10529.033333333333,16648.189,17662.4,13904.866666666667,12837.166666666666,11277.666666666666,4.8,7.733333333333333,135497.0,155360.0,0.14333333333333334,0.08633333333333335,0.2628333333333333,0.8226666666666667,1.951,3.134666666666667,4.8100000000000005,232.29933333333335,232.53066666666666,95.459,98.62133333333333,362544.0,148.17966666666666
133,2521.0,10692.3,16728.687,17709.671,14083.9,12955.7,11344.4,5.4,7.5,136279.0,155749.0,0.09,0.04,0.36,1.41,2.52,3.52,5.35,232.445,233.35,95.673,99.2221,364181.0,154.191,2516.4666666666667,10642.466666666667,16728.687,17709.671,14037.1,12934.433333333334,11315.699999999999,5.266666666666667,7.533333333333334,136082.33333333334,155559.66666666666,0.11666666666666665,0.051562500000000004,0.27015625,0.909375,1.98625,3.140625,4.82453125,232.045,233.05933333333334,95.50833333333333,99.06830000000001,362507.3333333333,152.84733333333335
134,2585.5,10850.0,16953.838,17860.45,14181.7,13027.5,11445.9,5.3,7.2,136821.0,155687.0,0.08,0.02,0.33,1.39,2.64,3.69,5.39,233.544,234.7,95.976,100.021,365668.0,158.214,2559.7000000000003,10790.366666666667,16953.838,17860.45,14123.666666666666,12979.633333333333,11408.366666666667,5.233333333333333,7.233333333333333,136619.33333333334,155630.33333333334,0.08333333333333333,0.0321875,0.3659375,1.50375,2.7065625,3.714375,5.40234375,233.29999999999998,234.30533333333332,95.90066666666667,99.4698,365818.0,156.92100000000002
135,2674.2,11047.8,17192.019,18016.147,14266.5,13019.1,11593.2,4.5,6.7,137373.0,155182.0,0.09,0.07,0.38,1.75,3.04,3.96,5.37,234.719,235.759,96.414,100.374,369499.0,160.99,2648.0666666666666,11001.633333333333,17192.019,18016.147,14209.466666666667,12997.533333333333,11551.233333333332,4.566666666666666,6.933333333333334,137243.33333333334,155040.0,0.08666666666666667,0.06016129032258064,0.32725806451612904,1.439032258064516,2.7441935483870967,3.7861290322580645,5.357096774193548,234.1626666666667,235.34633333333332,96.25433333333332,100.1453,367603.6666666667,160.09833333333333
136,2749.3,11219.1,17197.738,17953.974,14555.0,13219.9,11722.3,5.2,6.7,137985.0,156028.0,0.08,0.05,0.44,1.73,2.73,3.56,4.99,236.028,236.625,96.815,101.7435,375285.0,163.07299999999998,2731.2000000000003,11173.300000000001,17197.738,17953.974,14460.199999999999,13149.133333333333,11646.0,5.233333333333333,6.666666666666667,137752.66666666666,155621.0,0.07333333333333335,0.04934426229508197,0.3747540983606557,1.6034426229508196,2.7654098360655737,3.6849180327868853,5.119508196721312,235.621,236.25699999999998,96.69633333333333,100.82683333333334,371101.3333333333,162.50366666666665
137,2817.2,11383.7,17518.508,18185.911,14760.1,13360.4,11861.7,5.6,6.1,138849.0,155707.0,0.1,0.04,0.47,1.62,2.53,3.34,4.71,237.231,237.837,97.253,102.5774,380618.0,164.05,2792.2333333333336,11325.4,17518.508,18185.911,14691.366666666667,13314.5,11810.433333333334,5.533333333333334,6.2,138552.66666666666,155586.66666666666,0.09333333333333334,0.03301587301587302,0.4195238095238095,1.6576190476190475,2.620952380952381,3.4425396825396826,4.8219047619047615,236.87233333333333,237.47933333333333,97.129,102.21463333333332,379945.6666666667,163.689
138,2861.2,11503.7,17804.228,18406.941,14951.2,13486.3,11991.4,5.5,5.9,139563.0,156040.0,0.09,0.02,0.58,1.78,2.52,3.21,4.81,237.477,238.786,97.413,102.9417,382277.0,165.89,2828.5,11468.199999999999,17804.228,18406.941,14888.833333333334,13439.666666666666,11959.833333333334,5.433333333333334,6.066666666666666,139301.66666666666,156059.0,0.09000000000000001,0.02640625,0.515,1.7015625,2.49953125,3.2653125,4.74234375,237.47833333333332,238.462,97.39433333333334,102.78976666666667,382446.3333333333,165.22066666666666
139,2955.8,11701.9,17912.079,18500.031,15170.9,13719.1,12096.1,6.0,5.6,140364.0,156332.0,0.12,0.04,0.67,1.65,2.17,2.75,4.68,236.252,239.584,97.12,103.6151,380682.0,168.03599999999997,2908.133333333333,11632.533333333333,17912.079,18500.031,15095.866666666667,13631.4,12081.566666666666,5.666666666666667,5.7,140083.66666666666,156414.33333333334,0.09999999999999999,0.02258064516129032,0.5366129032258065,1.600967741935484,2.2759677419354842,2.9661290322580647,4.7337096774193546,236.88833333333332,239.41099999999997,97.265,103.39133333333332,382821.3333333333,167.328
140,3001.2,11903.7,18063.529,18666.621,15314.2,13811.3,12176.1,5.9,5.4,140923.0,156643.0,0.11,0.03,0.56,1.37,1.94,2.54,4.49,235.976,240.755,97.008,101.7869,383681.0,169.77900000000002,2994.0,11866.033333333333,18063.529,18666.621,15286.1,13819.0,12119.800000000001,6.2,5.533333333333334,140772.66666666666,156772.33333333334,0.11,0.02459016393442623,0.6045901639344262,1.4572131147540983,1.9688524590163934,2.5514754098360655,4.501311475409836,235.35500000000002,240.246,96.829,102.2386,379931.0,169.16566666666668
141,3014.8,12005.6,18279.784,18782.243,15479.0,13874.1,12307.9,5.7,5.3,141709.0,157062.0,0.13,0.01,0.64,1.63,2.35,3.11,5.18,237.657,242.064,97.516,100.4588,387199.0,171.459,2998.6,11969.4,18279.784,18782.243,15431.733333333332,13860.566666666666,12264.133333333333,5.8,5.433333333333334,141481.0,157257.66666666666,0.12333333333333334,0.01828125,0.61265625,1.52515625,2.164375,2.88203125,4.8309375,236.96,241.69933333333333,97.31233333333334,100.81726666666667,386082.3333333333,170.86766666666665
142,3038.0,12154.8,18401.626,18857.418,15570.5,13972.2,12386.4,5.8,5.0,142275.0,156733.0,0.14,0.0,0.64,1.37,2.06,2.87,5.35,237.498,243.316,97.477,100.633,388551.0,173.804,3029.133333333333,12099.233333333332,18401.626,18857.418,15546.533333333333,13937.9,12382.5,5.666666666666667,5.1000000000000005,142130.33333333334,156967.33333333334,0.1366666666666667,0.04265625,0.6925,1.5557812500000001,2.223125,2.96,5.24296875,237.855,242.89933333333332,97.56466666666667,100.8796,390024.6666666667,172.95000000000002
143,3106.3,12368.7,18435.137,18892.206,15668.4,14060.2,12452.0,5.8,5.0,143077.0,158035.0,0.24,0.16,1.06,1.76,2.27,3.01,5.5,237.761,244.547,97.456,98.9471,389551.0,176.516,3066.2666666666664,12290.766666666668,18435.137,18892.206,15630.6,14016.833333333334,12423.366666666667,5.733333333333333,5.033333333333333,142821.33333333334,157555.0,0.16,0.12548387096774194,0.8382258064516129,1.5841935483870968,2.190483870967742,2.9606451612903224,5.417419354838709,237.837,244.18533333333335,97.49033333333334,99.51333333333334,388382.3333333333,175.665
144,3157.8,12629.0,18525.933,19001.69,15731.6,14135.4,12537.0,5.9,5.0,143662.0,159179.0,0.36,0.21,0.73,1.21,1.78,2.61,4.9,238.08,245.913,97.673,98.1635,388998.0,178.145,3135.8333333333335,12571.066666666666,18525.933,19001.69,15707.666666666666,14130.6,12523.166666666666,5.866666666666667,4.8999999999999995,143426.33333333334,158699.66666666666,0.36000000000000004,0.2904918032786885,0.8362295081967213,1.3698360655737705,1.9142622950819672,2.7185245901639346,5.2986885245901645,237.68933333333334,245.45933333333335,97.538,98.84193333333333,388836.6666666667,177.67166666666665
145,3242.5,12835.4,18711.702,19062.709,15821.4,14104.9,12731.2,4.9,4.9,144146.0,158967.0,0.38,0.26,0.58,1.01,1.49,2.3,4.41,240.222,247.54,98.325,98.7315,397113.0,180.07,3226.4666666666667,12772.800000000001,18711.702,19062.709,15785.833333333334,14102.199999999999,12665.133333333333,5.233333333333333,4.933333333333334,143967.0,158964.0,0.37333333333333335,0.259375,0.77125,1.24046875,1.75015625,2.5659375,4.66015625,239.59033333333332,247.076,98.157,98.48796666666668,393508.0,179.40666666666667
146,3319.6,13034.2,18892.639,19197.938,15999.1,14209.1,12846.6,5.1,5.0,144967.0,159714.0,0.4,0.29,0.77,1.14,1.6,2.32,4.29,241.176,248.842,98.666,98.6552,398797.0,182.799,3290.8333333333335,12965.933333333334,18892.639,19197.938,15940.633333333333,14181.966666666667,12797.133333333333,5.1,4.8999999999999995,144716.33333333334,159490.0,0.39666666666666667,0.29828125,0.728125,1.12859375,1.564375,2.28,4.256875,240.60733333333334,248.3646666666667,98.49566666666665,98.74770000000001,397211.6666666667,181.821
147,3345.4,13226.1,19089.379,19304.352,16182.5,14313.7,13005.9,5.0,4.7,145408.0,159678.0,0.54,0.51,1.2,1.93,2.45,3.06,4.73,242.637,249.92,99.071,99.0406,405114.0,185.697,3341.5,13171.533333333333,19089.379,19304.352,16116.5,14274.233333333332,12921.966666666667,5.233333333333333,4.766666666666667,145219.0,159596.33333333334,0.45,0.43327868852459017,1.0095081967213115,1.6147540983606556,2.138688524590164,2.83,4.640327868852459,242.13466666666667,249.51433333333333,98.94666666666666,98.70286666666668,401143.6666666667,184.71766666666667
148,3455.8,13428.7,19280.084,19398.343,16415.1,14476.3,13139.9,5.6,4.4,145969.0,160137.0,0.79,0.76,1.27,1.93,2.4,3.02,4.64,243.892,250.944,99.535,99.0492,407630.0,187.975,3421.6,13365.566666666666,19280.084,19398.343,16357.299999999997,14422.266666666668,13097.333333333334,5.5,4.566666666666666,145815.0,159872.0,0.7000000000000001,0.6061290322580645,1.2443548387096774,1.9479032258064515,2.4466129032258066,3.0461290322580648,4.662419354838709,243.83866666666665,250.803,99.524,98.76686666666666,408018.0,187.34900000000002
149,3525.5,13558.5,19438.643,19506.949,16604.0,14618.7,13225.2,6.0,4.3,146583.0,160192.0,1.04,1.03,1.38,1.89,2.31,2.84,4.4,244.163,251.746,99.766,100.337,409067.0,190.476,3499.2666666666664,13526.633333333333,19438.643,19506.949,16551.066666666666,14579.566666666666,13188.766666666668,6.0,4.366666666666667,146379.0,160201.66666666666,0.9500000000000001,0.9080952380952381,1.2976190476190477,1.8111111111111111,2.260952380952381,2.896984126984127,4.492857142857143,244.12,251.46766666666667,99.72433333333333,100.16886666666666,408270.0,189.59
150,3563.6,13723.0,19692.595,19660.766,16841.9,14706.0,13417.3,5.9,4.3,147007.0,161140.0,1.15,1.06,1.47,1.92,2.33,2.86,4.33,246.435,252.812,100.4,99.7482,419021.0,193.718,3563.9,13671.0,19692.595,19660.766,16747.166666666668,14681.5,13325.066666666666,6.0,4.333333333333333,146899.33333333334,160729.33333333334,1.1533333333333333,1.053968253968254,1.3626984126984127,1.8134920634920635,2.2414285714285715,2.8174603174603177,4.333174603174603,245.287,252.444,100.07666666666667,99.82233333333333,412580.0,192.59133333333332
151,3612.6,13873.8,20037.088,19882.352,17058.2,14797.9,13666.1,5.0,4.1,147523.0,160535.0,1.3,1.39,1.89,2.2,2.4,2.74,4.17,247.805,254.344,100.821,101.4871,425545.0,197.141,3612.8333333333335,13823.666666666666,20037.088,19882.352,16995.5,14772.533333333333,13551.4,5.533333333333334,4.166666666666667,147348.66666666666,160474.33333333334,1.2033333333333334,1.2266129032258064,1.6943548387096774,2.0691935483870965,2.371451612903226,2.8167741935483868,4.270483870967742,247.23833333333334,253.89533333333335,100.67566666666666,101.2419,422589.3333333333,195.94133333333332
152,3667.4,13976.0,20328.553,20044.077,17268.2,14974.8,13793.2,5.9,4.0,148280.0,161686.0,1.51,1.73,2.27,2.56,2.74,2.97,4.59,249.577,256.271,101.524,102.1943,425087.0,199.95,3649.2666666666664,13926.166666666666,20328.553,20044.077,17204.666666666668,14927.5,13745.066666666666,5.8,4.033333333333333,147998.0,161459.33333333334,1.4466666666666665,1.5821311475409836,2.1604918032786884,2.534918032786885,2.7585245901639346,3.0301639344262297,4.467049180327869,249.3216666666667,255.72866666666667,101.37966666666667,101.80380000000001,424598.6666666667,199.149
153,3655.9,14109.9,20580.912,20150.476,17488.4,15119.3,13930.4,6.3,4.0,148959.0,162210.0,1.82,1.93,2.52,2.73,2.85,2.98,4.84,251.018,257.399,102.029,103.2256,430008.0,202.18,3658.5333333333333,14051.133333333333,20580.912,20150.476,17407.166666666668,15061.433333333334,13891.266666666668,6.1000000000000005,3.9333333333333336,148707.0,161943.0,1.7366666666666666,1.8746875,2.47703125,2.765625,2.920625,3.0853125,4.7771875,250.679,257.058,101.91199999999999,102.98723333333334,429415.6666666667,201.405
154,3694.8,14229.3,20798.73,20276.154,17693.5,15237.5,14017.8,6.8,3.7,149358.0,162087.0,1.95,2.19,2.81,2.94,3.05,3.19,4.89,252.182,258.368,102.418,104.1038,431438.0,204.297,3686.866666666667,14189.133333333333,20798.73,20276.154,17648.366666666665,15220.266666666668,14002.199999999999,6.633333333333333,3.766666666666667,149219.0,162029.33333333334,1.9233333333333331,2.0746031746031743,2.6658730158730157,2.809047619047619,2.9238095238095236,3.063015873015873,4.81,251.68633333333332,257.98600000000005,102.25433333333335,103.83946666666667,431846.3333333333,203.60133333333337
155,3761.0,14382.6,20917.867,20304.874,18012.4,15506.5,14051.6,8.4,3.9,149809.0,163206.0,2.27,2.45,2.48,2.51,2.69,3.02,5.14,252.767,260.063,102.701,104.0451,428932.0,206.13,3727.066666666667,14294.933333333334,20917.867,20304.874,17852.633333333335,15365.266666666668,14099.199999999999,7.2,3.8333333333333335,149650.66666666666,162881.33333333334,2.22,2.3567213114754098,2.8027868852459017,2.8836065573770493,3.0411475409836064,3.2706557377049177,5.137741935483871,252.711,259.473,102.642,103.99579999999999,434479.3333333333,205.611
156,3738.4,14526.2,21111.6,20431.641,18226.6,15566.5,14248.6,7.9,3.8,150295.0,162904.0,2.41,2.4,2.27,2.23,2.41,2.81,4.67,254.277,261.567,103.069,102.8361,438196.0,207.062,3751.6,14484.5,21111.6,20431.641,18152.7,15554.4,14150.199999999999,8.266666666666667,3.8666666666666667,150139.66666666666,162955.33333333334,2.4033333333333333,2.4385245901639343,2.485081967213115,2.4649180327868856,2.652950819672131,3.0118032786885247,4.968360655737705,253.38566666666665,261.173,102.851,103.007,433212.0,206.80866666666668
157,3832.1,14771.4,21397.938,20602.275,18324.3,15562.1,14408.7,7.1,3.6,150839.0,163168.0,2.38,2.12,1.75,1.76,2.0,2.52,4.31,255.213,262.739,103.484,102.5425,442116.0,208.56599999999997,3803.7333333333336,14659.433333333334,21397.938,20602.275,18292.666666666668,15542.9,14350.666666666666,7.333333333333333,3.6333333333333333,150684.33333333334,162835.0,2.3966666666666665,2.354761904761905,2.127936507936508,2.121111111111111,2.338888888888889,2.781428571428571,4.6000000000000005,255.24733333333333,262.31766666666664,103.42633333333333,102.41163333333333,440788.3333333333,208.06666666666663
158,3894.0,15031.4,21717.171,20843.322,18477.3,15697.5,14590.6,7.0,3.5,151365.0,164092.0,2.04,1.88,1.63,1.55,1.68,2.12,3.88,256.43,264.388,103.733,102.4601,444555.0,210.817,3867.866666666667,14939.866666666667,21717.171,20843.322,18417.36666666667,15647.733333333332,14548.266666666668,6.8999999999999995,3.6,151157.33333333334,163818.66666666666,2.19,2.02609375,1.6859375,1.62859375,1.79796875,2.2871875,4.02578125,256.08933333333334,263.8483333333333,103.675,102.41573333333334,446126.0,209.99866666666665
159,4003.6,15348.0,21933.217,20985.448,18594.0,15683.8,14774.8,6.2,3.6,151795.0,164699.0,1.55,1.55,1.58,1.69,1.92,2.39,3.9,258.63,266.02,104.307,101.9421,449643.0,213.928,3957.5,15264.066666666666,21933.217,20985.448,18589.933333333334,15722.933333333334,14701.066666666666,6.733333333333333,3.6,151641.0,164537.0,1.6433333333333333,1.6075806451612904,1.5911290322580647,1.6133870967741937,1.7919354838709676,2.2543548387096775,3.914193548387097,257.888,265.5126666666667,104.08266666666667,101.8931,448103.3333333333,212.80133333333333
160,4266.0,15993.8,21751.238,20709.212,18591.4,15702.3,13812.8,12.4,4.4,150895.0,162559.0,0.65,0.11,0.23,0.37,0.7,1.35,4.63,258.076,267.054,104.271,97.606,420954.0,216.43200000000002,4085.4666666666667,15625.866666666667,21751.238,20709.212,18768.033333333333,15815.133333333331,14503.066666666666,8.9,3.8333333333333335,151739.33333333334,163801.0,1.26,1.104032258064516,1.0814516129032257,1.1448387096774195,1.365,1.870806451612903,3.905806451612903,258.81766666666664,267.0466666666667,104.44466666666666,100.205,438900.0,215.778
161,16554.5,18141.1,19958.291,19077.992,19949.4,17050.2,14049.2,18.3,11.0,137671.0,159994.0,0.08,0.16,0.16,0.29,0.66,1.41,3.59,257.042,265.849,104.27,91.6745,465800.0,217.476,12530.1,17666.766666666666,19958.291,19077.992,20198.266666666666,17391.833333333332,13193.300000000001,24.233333333333334,13.0,133711.66666666666,158121.33333333334,0.06,0.14222222222222222,0.19365079365079366,0.3574603174603175,0.6876190476190476,1.3807936507936507,3.9026984126984128,256.292,265.669,104.01666666666665,87.45549999999999,424684.3333333333,217.08266666666668
162,17159.2,18596.6,21704.437,20558.879,19758.2,16633.7,14668.1,13.3,7.8,141770.0,160174.0,0.09,0.1,0.13,0.28,0.69,1.46,3.44,259.997,268.933,105.057,95.8914,482702.0,225.708,16933.466666666667,18419.63333333333,21704.437,20558.879,19851.733333333334,16792.86666666667,14479.166666666666,15.033333333333333,8.799999999999999,140614.66666666666,160337.33333333334,0.09333333333333334,0.1134375,0.1409375,0.27171875,0.650625,1.36296875,3.3171875,259.22166666666664,268.248,104.835,95.60816666666666,476090.3333333333,222.37699999999998
163,17827.9,19133.2,22087.16,20791.917,19741.5,16397.7,14822.0,11.8,6.7,142548.0,160745.0,0.09,0.09,0.13,0.36,0.93,1.65,3.11,262.045,270.341,105.699,98.2039,485949.0,236.55900000000003,17602.3,18954.533333333333,22087.16,20791.917,19708.600000000002,16451.033333333333,14749.800000000001,12.200000000000001,6.766666666666667,142580.0,160792.33333333334,0.09000000000000001,0.0929032258064516,0.14967741935483872,0.36951612903225806,0.864516129032258,1.619032258064516,3.297741935483871,261.0916666666667,269.876,105.36933333333333,97.22746666666667,481597.0,233.14066666666668
164,18607.9,19823.4,22680.693,21082.134,24535.1,20520.0,15709.7,26.2,6.1,144246.0,160400.0,0.07,0.03,0.16,0.92,1.74,2.41,3.77,264.847,271.453,107.054,98.1929,539607.0,245.515,18348.5,19593.266666666666,22680.693,21082.134,22224.766666666663,18470.433333333334,15255.4,19.566666666666666,6.233333333333333,143527.0,160224.0,0.08,0.05114754098360656,0.13213114754098362,0.618032786885246,1.3359016393442622,2.0865573770491803,3.487049180327869,263.6863333333333,270.88166666666666,106.56700000000001,97.50453333333333,510005.3333333333,242.54299999999998
165,19318.6,20472.9,23425.91,21440.929,21008.4,16838.1,16191.7,8.8,5.9,145828.0,161197.0,0.08,0.05,0.25,0.87,1.45,2.06,3.32,270.71,277.608,108.76,99.6483,540152.0,258.04400000000004,19181.966666666664,20355.066666666666,23425.91,21440.929,21117.066666666666,17060.399999999998,16027.566666666666,10.4,5.933333333333334,145157.0,160946.66666666666,0.07,0.02515625,0.17421875,0.840625,1.59078125,2.25796875,3.5533333333333332,268.5796666666667,275.5636666666667,108.18433333333333,99.05556666666666,539646.6666666666,253.45766666666668
166,19867.8,20979.2,23982.379,21617.828,21164.2,16728.5,16489.6,7.6,4.7,147712.0,161495.0,0.08,0.04,0.28,0.98,1.52,2.08,3.37,273.942,279.727,110.034,98.9955,536651.0,270.155,19680.966666666667,20806.133333333335,23982.379,21617.828,21227.933333333334,16864.966666666664,16380.733333333332,8.6,5.066666666666666,147239.0,161508.66666666666,0.09000000000000001,0.0496875,0.22578125000000002,0.7996875,1.32484375,1.93140625,3.238125,272.8863333333333,279.12899999999996,109.65466666666667,99.70116666666667,532576.0,266.3686666666667
167,20398.8,21471.0,24813.6,21988.737,21507.6,16610.8,16891.0,6.6,3.9,149781.0,162497.0,0.08,0.06,0.73,1.26,1.52,1.9,3.37,280.806,285.221,112.191,101.1948,547277.0,281.606,20226.766666666666,21310.033333333333,24813.6,21988.737,21425.866666666665,16676.899999999998,16815.0,6.733333333333333,4.2,149185.33333333334,162177.33333333334,0.08,0.05419354838709677,0.5317741935483871,1.1809677419354838,1.5333870967741934,1.9443548387096774,3.3091935483870967,278.71933333333334,283.42699999999996,111.48433333333332,100.93913333333334,547906.6666666666,277.51033333333334
168,20684.4,21721.3,25250.347,21932.71,21747.5,16127.2,17347.2,3.2,3.7,151346.0,164220.0,0.2,0.52,2.28,2.42,2.32,2.44,4.25,287.467,289.044,114.469,102.6732,574485.0,296.46,20615.36666666667,21664.533333333333,25250.347,21932.71,21633.5,16180.300000000001,17149.0,3.8333333333333335,3.8333333333333335,150742.33333333334,163915.33333333334,0.12,0.3093548387096774,1.464516129032258,1.8338709677419356,1.9511290322580646,2.258387096774194,3.9653225806451613,284.8446666666666,288.03299999999996,113.58166666666666,101.91120000000001,566173.0,291.31766666666664
169,20593.1,21642.9,25861.292,21967.045,22011.1,16062.9,17755.2,2.2,3.6,152353.0,164046.0,1.21,1.72,2.92,3.01,2.98,3.14,5.29,295.072,294.009,116.638,102.8224,585556.0,304.028,20663.3,21694.533333333336,25861.292,21967.045,21913.333333333332,16097.133333333333,17606.566666666666,2.466666666666667,3.6333333333333333,151965.33333333334,164100.33333333334,0.77,1.1037096774193549,2.7204838709677417,2.95,2.9325806451612904,3.0448387096774194,5.020161290322581,291.651,292.174,115.65833333333335,102.8969,582114.3333333334,302.572
170,20281.5,21521.1,26336.304,22125.625,22487.0,16423.8,17992.8,3.4,3.5,153513.0,164602.0,2.56,3.33,4.22,4.06,3.83,3.79,6.07,296.421,298.281,117.371,103.5326,579446.0,299.02299999999997,20416.133333333335,21589.899999999998,26336.304,22125.625,22354.166666666668,16353.833333333334,17893.13333333333,3.3000000000000003,3.533333333333333,153282.66666666666,164427.33333333334,2.19,2.7534375,3.3821875,3.22703125,3.10109375,3.26171875,5.34921875,295.50766666666664,296.6476666666667,116.98599999999999,103.25113333333333,579969.6666666666,301.0176666666667
171,19671.3,21219.1,26770.514,22278.345,22800.5,16578.2,18116.5,4.2,3.5,154336.0,165025.0,4.1,4.42,4.41,3.99,3.88,3.97,5.87,298.808,301.433,118.384,101.8266,569119.0,297.902,19895.533333333333,21333.899999999998,26770.514,22278.345,22714.2,16519.066666666666,18111.366666666665,3.8000000000000003,3.5666666666666664,154153.0,164707.66666666666,3.653333333333333,4.187377049180328,4.387377049180328,3.9954098360655736,3.82672131147541,3.895409836065574,5.970322580645162,298.49833333333333,300.3766666666666,118.17566666666666,102.7922,576827.0,298.3893333333333
172,18925.0,20876.2,27216.445,22439.607,23248.0,17098.8,18520.4,6.0,3.5,155171.0,166651.0,4.65,4.85,4.06,3.6,3.48,3.67,5.59,301.643,305.123,119.538,102.8143,578812.0,298.96299999999997,19279.033333333333,21088.666666666668,27216.445,22439.607,23108.666666666668,17001.3,18487.033333333333,5.466666666666666,3.533333333333333,155012.33333333334,166324.33333333334,4.516666666666667,4.7817741935483875,4.342741935483871,3.801612903225806,3.646290322580645,3.7461290322580645,5.6090322580645156,301.19166666666666,303.9683333333333,119.30833333333334,102.7874,585647.0,298.16833333333335
173,18435.0,20782.7,27530.055,22580.499,23556.2,17216.3,18773.0,5.8,3.6,155871.0,166937.0,5.08,5.43,4.87,4.13,3.81,3.85,5.69,304.099,308.291,120.469,102.3809,588670.0,303.993,18533.133333333335,20771.233333333334,27530.055,22580.499,23461.533333333336,17182.766666666666,18693.13333333333,5.8999999999999995,3.533333333333333,155624.0,166849.33333333334,4.989999999999999,5.26952380952381,4.264285714285714,3.6934920634920636,3.5957142857142856,3.805238095238095,5.690806451612903,303.4243333333333,307.468,120.19,102.86196666666667,586276.6666666666,302.1016666666667
174,18124.7,20720.5,28074.846,22840.989,23833.1,17282.2,19048.1,5.3,3.8,156334.0,167767.0,5.33,5.55,5.03,4.6,4.59,4.73,6.37,307.374,310.616,121.419,103.3081,598956.0,311.202,18230.966666666664,20746.5,28074.846,22840.989,23735.333333333332,17269.366666666665,18961.866666666665,5.466666666666666,3.6666666666666665,156176.33333333334,167543.0,5.260000000000001,5.535555555555556,4.916666666666667,4.311428571428571,4.14968253968254,4.239365079365079,5.973809523809524,306.0423333333333,309.74033333333335,120.99866666666667,103.15846666666665,594468.0,308.789
175,17915.0,20701.4,28424.722,23033.78,24145.9,17481.7,19283.5,5.6,3.8,156930.0,167439.0,5.33,5.4,4.23,3.84,3.88,4.03,5.49,308.735,313.23,121.66,102.6309,594256.0,315.092,17964.966666666667,20695.2,28424.722,23033.78,24034.600000000002,17416.7,19190.600000000002,5.533333333333334,3.8000000000000003,156703.66666666666,167756.33333333334,5.33,5.524516129032258,4.807903225806451,4.427741935483871,4.4470967741935485,4.590806451612903,6.196612903225806,308.15833333333336,312.3453333333334,121.54566666666666,102.6986,594446.6666666666,314.1743333333333
176,17980.6,20901.1,28708.161,23082.119,24597.8,17617.0,19581.8,5.9,3.9,157517.0,167922.0,5.33,5.46,4.59,4.21,4.2,4.34,5.7,312.107,316.762,123.038,102.5186,595969.0,318.5,17969.266666666666,20845.1,28708.161,23082.119,24478.733333333334,17596.2,19443.866666666665,6.133333333333333,3.8333333333333335,157279.0,167578.66666666666,5.33,5.454262295081967,4.482295081967213,4.121967213114754,4.15639344262295,4.330491803278689,5.731311475409837,310.97433333333333,315.5686666666667,122.622,102.24276666666667,592706.3333333334,317.407
177,18039.0,21065.6,29147.044,23286.508,24904.1,17751.1,19844.5,5.7,4.1,157915.0,168005.0,5.33,5.48,4.71,4.33,4.36,4.51,5.91,313.131,318.343,123.539,103.2534,599979.0,320.48,18005.266666666666,20998.666666666668,29147.044,23286.508,24800.766666666666,17701.0,19756.066666666666,5.766666666666667,4.0,157792.66666666666,167930.66666666666,5.33,5.466507936507936,4.826190476190477,4.464285714285714,4.448730158730158,4.58079365079365,5.929047619047618,313.09566666666666,317.9973333333333,123.40933333333334,102.8633,598675.6666666666,319.92533333333336
178,18157.1,21272.2,29511.664,23478.57,25101.3,17769.9,20147.6,4.8,4.1,158314.0,168703.0,5.13,4.73,3.66,3.58,3.81,4.14,5.44,314.851,320.835,124.164,102.5954,608701.0,323.393,18095.166666666668,21185.2,29511.664,23478.57,25021.7,17755.333333333332,20032.8,5.1000000000000005,4.166666666666667,158130.33333333334,168504.66666666666,5.263333333333333,5.225625,4.040625,3.7995312500000002,3.9546875,4.2253125,5.62609375,314.18266666666665,319.86899999999997,123.92966666666666,102.71139999999998,606078.0,322.277
179,18358.6,21441.8,29825.182,23586.542,25418.6,17867.9,20514.3,4.3,4.1,158942.0,168547.0,4.48,4.37,4.25,4.38,4.58,4.78,6.0,317.603,323.296,124.979,103.0447,622396.0,327.834,18300.600000000002,21396.63333333333,29825.182,23586.542,25322.43333333333,17843.266666666666,20351.3,4.733333333333333,4.133333333333333,158639.66666666666,168426.33333333334,4.6499999999999995,4.577258064516129,4.145483870967742,4.123387096774193,4.275483870967742,4.494354838709677,5.734516129032259,316.53866666666664,322.53433333333334,124.70333333333333,102.40293333333334,617266.3333333334,326.12733333333335
180,18525.0,21656.9,30042.113,23548.21,25877.3,18029.1,20683.0,5.1,4.2,159275.0,170591.0,4.33,4.32,3.89,3.96,4.23,4.59,5.99,319.615,325.659,125.941,103.5408,625121.0,329.36300000000006,18489.066666666666,21584.0,30042.113,23548.21,25717.733333333334,17943.13333333333,20555.0,5.133333333333333,4.1000000000000005,159161.0,170564.66666666666,4.33,4.337049180327869,4.148688524590164,4.25,4.453606557377049,4.711803278688524,5.978524590163935,319.492,325.291,125.75966666666666,103.43060000000001,619269.3333333334,329.6433333333334
181,18804.0,22022.1,30485.729,23770.976,26078.6,18036.2,20868.4,5.0,4.1,159439.0,170380.0,4.33,4.41,3.72,3.79,4.24,4.78,5.99,321.5,327.6,126.743,104.2115,624146.0,326.637,18715.433333333334,21903.93333333333,30485.729,23770.976,26067.100000000002,18082.166666666668,20789.933333333334,5.3,4.166666666666667,159441.33333333334,170675.0,4.33,4.3674193548387095,3.861774193548387,3.9666129032258066,4.361774193548388,4.834677419354839,6.206935483870968,320.80033333333336,326.96133333333336,126.42433333333334,103.83030000000001,621901.3333333334,327.447
182,18898.9,22195.4,,,26279.9,18097.2,21111.9,4.6,4.3,159540.0,170778.0,4.22,4.02,3.6,3.74,4.16,4.73,5.83,323.364,329.793,127.285,103.9203,632490.0,326.43,18880.25,22155.6,,,26232.050000000003,18087.25,21047.300000000003,4.699999999999999,4.25,159529.0,170560.0,4.293333333333333,4.26328125,3.72078125,3.80140625,4.26109375,4.845625,5.97796875,322.748,329.22450000000003,127.11699999999999,103.86985,630555.0,326.43
183,,,,,,,,,,,,,4.02,3.41,3.55,3.99,4.58,5.7,,,,,,,,,,,,,,,,,,,4.02,3.5399999999999996,3.674545454545455,4.096363636363637,4.683636363636364,5.781818181818182,,,,,,
